"AGE_GROUP","PERC_PARTIALLY","PERC_FULLY","PERC_NOVAX"
"Children (0-17)","7.38",46.25,"46.37"
"Children (5-17)","8.66",63.24,"28.1"
"Children (13-17)","10.43",83.43,"6.13999999999999"
"Adults (18+)","8.79000000000001",90.21," "
"65 and Older","5.93991744799497",84.87,"9.18545304024899"
"All ages","9.63",81.22,"9.15000000000001"
