"AGE_GROUP","PERC_PARTIALLY","PERC_FULLY","PERC_NOVAX"
"Children (0-17)","7.29",46.17,"46.54"
"Children (5-17)","8.55",63.23,"28.22"
"Children (13-17)","10.29",83.41,"6.30000000000001"
"Adults (18+)","8.81999999999999",90.18," "
"65 and Older","5.92062667671557",84.86,"9.21528735048676"
"All ages","9.58",81.19,"9.23"
