"AGE_GROUP","PERC_PARTIALLY","PERC_FULLY","PERC_NOVAX"
"Children (0-17)","7.28",46.16,"46.56"
"Children (5-17)","8.54",63.22,"28.24"
"Children (13-17)","10.27",83.41,"6.32000000000001"
"Adults (18+)","8.81999999999999",90.18," "
"65 and Older","5.9189084703668",84.86,"9.21833326174141"
"All ages","9.58",81.18,"9.23999999999999"
