"AGE_GROUP","PERC_PARTIALLY","PERC_FULLY","PERC_NOVAX"
"Children (0-17)","7.24",46.07,"46.69"
"Children (5-17)","8.49",63.17,"28.34"
"Children (13-17)","10.21",83.36,"6.43000000000001"
"Adults (18+)","8.84999999999999",90.15," "
"65 and Older","5.90492851871088",84.85,"9.24871427399924"
"All ages","9.55",81.14,"9.31"
