"AGE_GROUP","PERC_PARTIALLY","PERC_FULLY","PERC_NOVAX"
"Children (0-17)","7.22",45.84,"46.94"
"Children (5-17)","8.44",63.03,"28.53"
"Children (13-17)","10.14",83.21,"6.65000000000001"
"Adults (18+)","8.93000000000001",90.07," "
"65 and Older","5.88704355262593",84.8,"9.31416231582976"
"All ages","9.51",81.03,"9.45999999999999"
